{"_id":{"$oid":"55aea9699f876cd5bcb77f87"},"address":"33 Orchard Hill Park Dr","city":"Leominster","coords":[-71.712425,42.527382],"country":"US","name":"MongoMart Leominster","state":"MA","storeId":"store1433","zip":"01453"}
{"_id":{"$oid":"55aea9699f876cd5bcb77f88"},"address":"385 Southbridge Street","address2":"S080","city":"Auburn","coords":[-71.835952,42.203384],"country":"US","name":"MongoMart - Auburn Mall","state":"MA","storeId":"store2901","zip":"01501"}
{"_id":{"$oid":"55aea9699f876cd5bcb77f8b"},"address":"1 Worcester Rd","city":"Framingham","coords":[-71.396507,42.301392],"country":"US","name":"MongoMart Framingham","state":"MA","storeId":"store532","zip":"01701"}
{"_id":{"$oid":"55aea9699f876cd5bcb77f97"},"address":"250 Granite Street","address2":"#1098","city":"Braintree","coords":[-71.0228,42.2166],"country":"US","name":"MongoMart - South Shore Plaza","state":"MA","storeId":"store1658","zip":"02184"}
{"_id":{"$oid":"55aea9699f876cd5bcb77f98"},"address":"550 Grossman Dr","city":"Braintree","coords":[-70.999031,42.216267],"country":"US","name":"MongoMart Braintree","state":"MA","storeId":"store530","zip":"02184"}
{"_id":{"$oid":"55aea9699f876cd5bcb77f9d"},"address":"793 Iyannough Rd ","address2":"Ste A","city":"Hyannis","coords":[-70.29747,41.667824],"country":"US","name":"MongoMart Cape Cod","state":"MA","storeId":"store568","zip":"02601"}
{"_id":{"$oid":"55aea9699f876cd5bcb77fa2"},"address":"1337 S Washington St","city":"North Attleboro","coords":[-71.352348,41.939835],"country":"US","name":"MongoMart Attleboro","state":"MA","storeId":"store441","zip":"02760"}
{"_id":{"$oid":"55aea9699f876cd5bcb77fab"},"address":"1500 S Willow St","city":"Manchester","coords":[-71.431908,42.956944],"country":"US","name":"MongoMart Manchester","state":"NH","storeId":"store536","zip":"03103"}
{"_id":{"$oid":"55aea9699f876cd5bcb77fad"},"address":"274 Plainfield Rd","city":"West Lebanon","coords":[-72.326271,43.625576],"country":"US","name":"MongoMart Lebanon","state":"NH","storeId":"store868","zip":"03784"}
{"_id":{"$oid":"55aea9699f876cd5bcb77fb0"},"address":"364 Maine Mall Rd","address2":"Box #301","city":"South Portland","coords":[-70.33503,43.633976],"country":"US","name":"MongoMart Portland","state":"ME","storeId":"store531","zip":"04106"}
{"_id":{"$oid":"55aea9699f876cd5bcb77fb1"},"address":"649 Turner St","city":"Auburn","coords":[-70.231659,44.119579],"country":"US","name":"MongoMart Auburn","state":"ME","storeId":"store1420","zip":"04210"}
{"_id":{"$oid":"55aea9699f876cd5bcb77fbd"},"address":"470 Lewis Ave","city":"Meriden","coords":[-72.806778,41.550098],"country":"US","name":"MongoMart Meriden","state":"CT","storeId":"store760","zip":"06450"}
{"_id":{"$oid":"55aea9699f876cd5bcb77fbe"},"address":"470 Lewis Avenue","address2":"#23","city":"Meriden","coords":[-72.809158,41.551655],"country":"US","name":"MongoMart - Meriden Mall","state":"CT","storeId":"store1934","zip":"06451"}
{"_id":{"$oid":"55aea9699f876cd5bcb77fc1"},"address":"53 Boston Post Rd","city":"Orange","coords":[-72.990379,41.279716],"country":"US","name":"MongoMart Orange","state":"CT","storeId":"store300","zip":"06477"}
{"_id":{"$oid":"55aea9699f876cd5bcb77fc2"},"address":"5065 Main Street","address2":"Suite 133","city":"Trumbull","coords":[-73.224767,41.231089],"country":"US","name":"MongoMart - Trumbull Shopping Park","state":"CT","storeId":"store2525","zip":"06611"}
{"_id":{"$oid":"55aea9699f876cd5bcb77fcc"},"address":"30 Andrews Dr","city":"Woodland Park","coords":[-74.212135,40.885555],"country":"US","name":"MongoMart West Paterson","state":"NJ","storeId":"store468","zip":"07424"}
{"_id":{"$oid":"55aea9699f876cd5bcb77fd7"},"address":"4250 Route 9","city":"Howell","coords":[-74.227783,40.147621],"country":"US","name":"MongoMart Howell","state":"NJ","storeId":"store1137","zip":"07731"}
{"_id":{"$oid":"55aea9699f876cd5bcb77fdb"},"address":"410 State Route 10","city":"East Hanover","coords":[-74.358688,40.801476],"country":"US","name":"MongoMart East Hanover","state":"NJ","storeId":"store473","zip":"07936"}
{"_id":{"$oid":"55aea9699f876cd5bcb77fde"},"address":"1420 Nixon Dr ","address2":"Eastgate Square","city":"Mt Laurel","coords":[-74.957619,39.940788],"country":"US","name":"MongoMart Mount Laurel","state":"NJ","storeId":"store583","zip":"08054"}
{"_id":{"$oid":"55aea96b9f876cd5bcb77fe5"},"address":"122 Hawthorn Center","address2":"#526","city":"Vernon Hills","coords":[-87.946287,42.243053],"country":"US","name":"MongoMart - Hawthorn Mall","state":"IL","storeId":"store1922","zip":"60061"}
{"_id":{"$oid":"55aea96b9f876cd5bcb77fe9"},"address":"350 W Army Trail Rd","city":"Bloomingdale","coords":[-88.110245,41.93795],"country":"US","name":"MongoMart Bloomingdale","state":"IL","storeId":"store304","zip":"60108"}
{"_id":{"$oid":"55aea96b9f876cd5bcb77feb"},"address":"2700 Crego Rd; I-88, West of the Peace Road exit Mile post 93","city":"DeKalb","coords":[-88.722857,41.948296],"country":"US","name":"MongoMart Illinois Tollway - DeKalb Oasis","state":"IL","storeId":"store8529","zip":"60115"}
{"_id":{"$oid":"55aea96b9f876cd5bcb77fff"},"address":"1208 Fox Valley Center Drive","address2":"#H5","city":"Aurora","coords":[-88.211997,41.760322],"country":"US","name":"MongoMart - Fox Valley Center","state":"IL","storeId":"store2743","zip":"60504"}
{"_id":{"$oid":"55aea96b9f876cd5bcb78013"},"address":"1584 N State Route 50","city":"Bourbonnais","coords":[-87.850174,41.172596],"country":"US","name":"MongoMart Kankakee","state":"IL","storeId":"store1123","zip":"60914"}
{"_id":{"$oid":"55aea96b9f876cd5bcb7803d"},"address":"I-95 Southbound past exit 40","city":"Milford","coords":[-73.026968,41.246851],"country":"US","name":"MongoMart Connecticut Turnpike - Milford Southbound","state":"CT","storeId":"store8527","zip":"6460"}
{"_id":{"$oid":"55aea96c9f876cd5bcb78049"},"address":"3849 S Delsea Dr","address2":"Ste F18A","city":"Vineland","coords":[-75.040394,39.431298],"country":"US","name":"MongoMart - Cumberland Mall","state":"NJ","storeId":"store2941","zip":"08360"}
{"_id":{"$oid":"55aea96c9f876cd5bcb7804f"},"address":"300 State Route 18 ","address2":"Suite 4","city":"East Brunswick","coords":[-74.396378,40.456505],"country":"US","name":"MongoMart East Brunswick","state":"NJ","storeId":"store598","zip":"08816"}
{"_id":{"$oid":"55aea96c9f876cd5bcb78057"},"address":"1880 Broadway","city":"New York","coords":[-73.982094,40.769882],"country":"US","name":"MongoMart Upper West Side (62nd and Broadway)","state":"NY","storeId":"store1448","zip":"10023"}
{"_id":{"$oid":"55aea96c9f876cd5bcb7805e"},"address":"1 N Galleria Dr","address2":"#D101","city":"Middletown","coords":[-74.364898,41.453376],"country":"US","name":"MongoMart - Galleria at Crystal Run","state":"NY","storeId":"store2851","zip":"10941"}
{"_id":{"$oid":"55aea96c9f876cd5bcb78062"},"address":"5001 Northern Blvd","city":"Long Island City","coords":[-73.909309,40.753345],"country":"US","name":"MongoMart Long Island City","state":"NY","storeId":"store478","zip":"11101"}
{"_id":{"$oid":"55aea96c9f876cd5bcb78078"},"address":"2034 Green Acres Mall","address2":"#223B","city":"Valley Stream","coords":[-73.724049,40.66312],"country":"US","name":"MongoMart - Green Acres Mall","state":"NY","storeId":"store2986","zip":"11581"}
{"_id":{"$oid":"55aea96c9f876cd5bcb78080"},"address":"One Sunrise Mall","address2":"#2090","city":"Massapequa","coords":[-73.436827,40.679252],"country":"US","name":"MongoMart - Sunrise Mall","state":"NY","storeId":"store1940","zip":"11758"}
{"_id":{"$oid":"55aea96c9f876cd5bcb78082"},"address":"1440 Old Country Rd","address2":"Suite 100","city":"Riverhead","coords":[-72.694313,40.929913],"country":"US","name":"MongoMart Riverhead","state":"NY","storeId":"store809","zip":"11901"}
{"_id":{"$oid":"55aea96c9f876cd5bcb78084"},"address":"1 Crossgates Mall Road","address2":"#L101A","city":"Albany","coords":[-73.851203,42.689504],"country":"US","name":"MongoMart - Crossgates Mall","state":"NY","storeId":"store2841","zip":"12203"}
{"_id":{"$oid":"55aea96c9f876cd5bcb78086"},"address":"1300 Ulster Avenue","address2":"#L03","city":"Kingston","coords":[-73.983221,41.966399],"country":"US","name":"MongoMart - Hudson Valley Mall","state":"NY","storeId":"store2813","zip":"12401"}
{"_id":{"$oid":"55aea96c9f876cd5bcb78087"},"address":"2001 South Rd #209","city":"Poughkeepsie","coords":[-73.911997,41.61094],"country":"US","name":"MongoMart - Poughkeepsie Galleria","state":"NY","storeId":"store2838","zip":"12601"}
{"_id":{"$oid":"55aea96c9f876cd5bcb7808c"},"address":"9090 Destiny USA Drive","address2":"#E106","city":"Syracuse","coords":[-76.170528,43.066953],"country":"US","name":"MongoMart - Destiny USA","state":"NY","storeId":"store2850","zip":"13204"}
{"_id":{"$oid":"55aea96c9f876cd5bcb7808f"},"address":"1100 N Galleria Dr","city":"Middletown","coords":[-74.370705,41.451874],"country":"US","name":"MongoMart Middletown","state":"NY","storeId":"store461","zip":"10941"}
{"_id":{"$oid":"55aea96c9f876cd5bcb78090"},"address":"21085 Salmon Run Mall Loop W","city":"Watertown","coords":[-75.959389,43.97506],"country":"US","name":"MongoMart Watertown","state":"NY","storeId":"store1089","zip":"13601"}
{"_id":{"$oid":"55aea96c9f876cd5bcb78096"},"address":"4200 Genesee Street","city":"Cheektowaga","coords":[-78.731887,42.934038],"country":"US","name":"MongoMart BUF - Buffalo Niagara International","state":"NY","storeId":"store8095","zip":"14225"}
{"_id":{"$oid":"55aea96c9f876cd5bcb7809b"},"address":"2345 Marketplace Dr","city":"Rochester","coords":[-77.632019,43.077724],"country":"US","name":"MongoMart Henrietta","state":"NY","storeId":"store433","zip":"14623"}
{"_id":{"$oid":"55aea96c9f876cd5bcb780a4"},"address":"5000 Alicia Dr","city":"Bethel Park","coords":[-80.046425,40.345291],"country":"US","name":"MongoMart So. Hills","state":"PA","storeId":"store586","zip":"15102"}
{"_id":{"$oid":"55aea96c9f876cd5bcb780a7"},"address":"200 Mall Circle Dr","city":"Monroeville","coords":[-79.800148,40.431396],"country":"US","name":"MongoMart Monroeville","state":"PA","storeId":"store432","zip":"15146"}
{"_id":{"$oid":"55aea96e9f876cd5bcb780b3"},"address":"275 Millcreek Mall","city":"Erie","coords":[-80.0991,42.07206],"country":"US","name":"MongoMart - Millcreek Mall","state":"PA","storeId":"store2936","zip":"16565"}
{"_id":{"$oid":"55aea96e9f876cd5bcb780c0"},"address":"115 Lycoming Mall Cir","city":"Muncy","coords":[-76.831116,41.244911],"country":"US","name":"MongoMart Muncy","state":"PA","storeId":"store1039","zip":"17756"}
{"_id":{"$oid":"55aea96e9f876cd5bcb780d9"},"address":"Upland Square Drive ","address2":"Suite 200","city":"Stowe","coords":[-75.677409,40.2525952],"country":"US","name":"MongoMart Pottstown","state":"PA","storeId":"store1771","zip":"19464"}
{"_id":{"$oid":"55aea96e9f876cd5bcb780db"},"address":"4807 Concord Pike","city":"Wilmington","coords":[-75.543953,39.826527],"country":"US","name":"MongoMart Concord Pike","state":"DE","storeId":"store465","zip":"19803"}
{"_id":{"$oid":"55aea96e9f876cd5bcb780df"},"address":"50 Massachusetts Avenue NE","city":"Washington","coords":[-77.006254,38.897121],"country":"US","name":"MongoMart Union Station - Washington D.C.","state":"DC","storeId":"store8500","zip":"20002"}
{"_id":{"$oid":"55aea96e9f876cd5bcb780eb"},"address":"11110 Mall Circle","city":"Waldorf","coords":[-76.925585,38.617447],"country":"US","name":"MongoMart - St Charles Towne Center","state":"MD","storeId":"store2993","zip":"20603"}
{"_id":{"$oid":"55aea96e9f876cd5bcb780ef"},"address":"14160 Baltimore Ave","address2":"Laurel Lakes Centre","city":"Laurel","coords":[-76.863037,39.08559],"country":"US","name":"MongoMart Laurel","state":"MD","storeId":"store265","zip":"20707"}
{"_id":{"$oid":"55aea96e9f876cd5bcb780f0"},"address":"15800 Collington Rd","city":"Bowie","coords":[-76.732841,38.945351],"country":"US","name":"MongoMart Bowie","state":"MD","storeId":"store486","zip":"20715"}
{"_id":{"$oid":"55aea96e9f876cd5bcb780f4"},"address":"7101 Democracy Blvd","city":"Bethesda","coords":[-77.148603,39.023301],"country":"US","name":"MongoMart - Westfield Montgomery","state":"MD","storeId":"store1932","zip":"20817"}
{"_id":{"$oid":"55aea96e9f876cd5bcb780fd"},"address":"10300 Little Patuxent Pkwy","address2":"#2385","city":"Columbia","coords":[-76.863581,39.217147],"country":"US","name":"MongoMart - The Mall in Columbia","state":"MD","storeId":"store2722","zip":"21044"}
{"_id":{"$oid":"55aea9709f876cd5bcb78114"},"address":"17301 Valley Mall Road","address2":"#538","city":"Hagerstown","coords":[-77.770843,39.624675],"country":"US","name":"MongoMart - Valley Mall","state":"MD","storeId":"store2810","zip":"21740"}
{"_id":{"$oid":"55aea9709f876cd5bcb78115"},"address":"5799 Leesburg Pike","city":"Falls Church","coords":[-77.131279,38.850452],"country":"US","name":"MongoMart Baileys Crossroads","state":"VA","storeId":"store283","zip":"22041"}
{"_id":{"$oid":"55aea9709f876cd5bcb78116"},"address":"6555 Frontier Dr","city":"Springfield","coords":[-77.169968,38.774818],"country":"US","name":"MongoMart Springfield","state":"VA","storeId":"store269","zip":"22150"}
{"_id":{"$oid":"55aea9709f876cd5bcb7811e"},"address":"601 East Jubal Early Dr","city":"Winchester","coords":[-78.16511,39.16421],"country":"US","name":"MongoMart Winchester","state":"VA","storeId":"store1086","zip":"22601"}
{"_id":{"$oid":"55aea9709f876cd5bcb7812e"},"address":"3334 Princess Anne Rd","city":"Virginia Beach","coords":[-76.08811,36.77465],"country":"US","name":"MongoMart Princess Anne","state":"VA","storeId":"store1460","zip":"23456"}
{"_id":{"$oid":"55aea9709f876cd5bcb78132"},"address":"230 Southpark Circle","address2":"#F70","city":"Colonial Heights","coords":[-77.393539,37.253834],"country":"US","name":"MongoMart - Southpark Mall","state":"VA","storeId":"store2868","zip":"23834"}
{"_id":{"$oid":"55aea9709f876cd5bcb78153"},"address":"3054 E Franklin Blvd","city":"Gastonia","coords":[-81.122742,35.260777],"country":"US","name":"MongoMart Gastonia","state":"NC","storeId":"store175","zip":"28056"}
{"_id":{"$oid":"55aea9709f876cd5bcb78160"},"address":"237 Cross Creek Mall","address2":"#TC-7","city":"Fayetteville","coords":[-78.960733,35.072285],"country":"US","name":"MongoMart - Cross Creek Mall","state":"NC","storeId":"store2746","zip":"28303"}
{"_id":{"$oid":"55aea9729f876cd5bcb78184"},"address":"975 N Point Dr","city":"Alpharetta","coords":[-84.284645,34.051708],"country":"US","name":"MongoMart Alpharetta","state":"GA","storeId":"store516","zip":"30022"}
{"_id":{"$oid":"55aea9729f876cd5bcb7818c"},"address":"3335 Cobb Pkwy Nw","city":"Acworth","coords":[-84.683434,34.034866],"country":"US","name":"MongoMart Acworth","state":"GA","storeId":"store1159","zip":"30101"}
{"_id":{"$oid":"55aea9729f876cd5bcb7818e"},"address":"6875 Douglas Blvd","city":"Douglasville","coords":[-84.757843,33.727421],"country":"US","name":"MongoMart Douglasville","state":"GA","storeId":"store519","zip":"30135"}
{"_id":{"$oid":"55aea9729f876cd5bcb7819b"},"address":"6000 N. Terminal Pkwy","city":"Atlanta","coords":[-84.444486,33.641229],"country":"US","name":"MongoMart ATL - Hartsfield Jackson Atlanta International Airport","state":"GA","storeId":"store8142","zip":"30320"}
{"_id":{"$oid":"55aea9729f876cd5bcb7819e"},"address":"2537 Piedmont Rd NE","city":"Atlanta","coords":[-84.363274,33.82481],"country":"US","name":"MongoMart Buckhead","state":"GA","storeId":"store890","zip":"30324"}
{"_id":{"$oid":"55aea9729f876cd5bcb781a2"},"address":"670 Dawsonville Hwy","city":"Gainesville","coords":[-83.853539,34.297371],"country":"US","name":"MongoMart Gainesville","state":"GA","storeId":"store1071","zip":"30501"}
{"_id":{"$oid":"55aea9729f876cd5bcb781a5"},"address":"3700 Atlanta Highway","address2":"#100","city":"Athens","coords":[-83.425456,33.947344],"country":"US","name":"MongoMart - Georgia Square Mall","state":"GA","storeId":"store1920","zip":"30606"}
{"_id":{"$oid":"55aea9729f876cd5bcb781b2"},"address":"3450 Wrightsboro Rd.","address2":"Ste. 1075","city":"Augusta ","coords":[-82.080706,33.46587],"country":"US","name":"MongoMart - Augusta Mall ","state":"GA","storeId":"store2951","zip":"30909"}
{"_id":{"$oid":"55aea9729f876cd5bcb781b8"},"address":"9930 Southside Blvd","city":"Jacksonville","coords":[-81.553749,30.189497],"country":"US","name":"MongoMart The Avenues","state":"FL","storeId":"store350","zip":"32256"}
{"_id":{"$oid":"55aea9729f876cd5bcb781bb"},"address":"1000 E 23rd St","city":"Panama City","coords":[-85.644653,30.188267],"country":"US","name":"MongoMart Panama City","state":"FL","storeId":"store857","zip":"32405"}
{"_id":{"$oid":"55aea9729f876cd5bcb781bd"},"address":"34940 Emerald Coast Pkwy","address2":"Unit 150","city":"Destin","coords":[-86.423141,30.387573],"country":"US","name":"MongoMart Destin","state":"FL","storeId":"store799","zip":"32541"}
{"_id":{"$oid":"55aea9729f876cd5bcb781c7"},"address":"One Airport Blvd.","city":"Orlando","coords":[-81.309138,28.430565],"country":"US","name":"MongoMart MCO - Orlando International Airport","state":"FL","storeId":"store8021","zip":"32827"}
{"_id":{"$oid":"55aea9729f876cd5bcb781c9"},"address":"One Airport Blvd.","city":"Orlando","coords":[-81.309138,28.430565],"country":"US","name":"MongoMart MCO - Orlando International Airport","state":"FL","storeId":"store8074","zip":"32827"}
{"_id":{"$oid":"55aea9729f876cd5bcb781ca"},"address":"One Airport Blvd.","city":"Orlando","coords":[-81.309138,28.430565],"country":"US","name":"MongoMart MCO - Orlando International Airport","state":"FL","storeId":"store8079","zip":"32827"}
{"_id":{"$oid":"55aea9729f876cd5bcb781cd"},"address":"One Airport Blvd.","city":"Orlando","coords":[-81.309138,28.430565],"country":"US","name":"MongoMart MCO - Orlando International Airport","state":"FL","storeId":"store8126","zip":"32827"}
{"_id":{"$oid":"55aea9729f876cd5bcb781d1"},"address":"1700 W New Haven Ave","address2":"Ste 827","city":"Melbourne","coords":[-80.650981,28.081957],"country":"US","name":"MongoMart - Melbourne Square Mall","state":"FL","storeId":"store2985","zip":"32904"}
{"_id":{"$oid":"55aea9729f876cd5bcb781d4"},"address":"6200 20th St","address2":"Ste 618","city":"Vero Beach","coords":[-80.457605,27.641698],"country":"US","name":"MongoMart - Indian River Mall","state":"FL","storeId":"store2961","zip":"32966"}
{"_id":{"$oid":"55aea9749f876cd5bcb781dd"},"address":"1790 Biscayne Blvd","address2":"Ste D","city":"Miami","coords":[-80.188977,25.794018],"country":"US","name":"MongoMart - 18 Biscayne","state":"FL","storeId":"store2371","zip":"33132"}
{"_id":{"$oid":"55aea9749f876cd5bcb781ea"},"address":"100 Aviation Blvd.","city":"Ft. Lauderdale","coords":[-80.14059,26.067547],"country":"US","name":"MongoMart FLL - Fort Lauderdale-Hollywood International Airport","state":"FL","storeId":"store8038","zip":"33315"}
{"_id":{"$oid":"55aea9749f876cd5bcb781ed"},"address":"12801 W Sunrise Blvd","address2":"#283","city":"Sunrise","coords":[-80.319071,26.156189],"country":"US","name":"MongoMart - Sawgrass Mills West","state":"FL","storeId":"store1960","zip":"33323"}
{"_id":{"$oid":"55aea9749f876cd5bcb781f1"},"address":"2200 S University Dr","city":"Davie","coords":[-80.251185,26.094541],"country":"US","name":"MongoMart Davie","state":"FL","storeId":"store1258","zip":"33324"}
{"_id":{"$oid":"55aea9749f876cd5bcb781f4"},"address":"1040 S State Road 7","city":"Wellington","coords":[-80.20118,26.66385],"country":"US","name":"MongoMart Wellington","state":"FL","storeId":"store1168","zip":"33414"}
{"_id":{"$oid":"55aea9749f876cd5bcb781fa"},"address":"6000 Glades Road","address2":"#1097","city":"Boca Raton","coords":[-80.134027,26.364756],"country":"US","name":"MongoMart - Town Center at Boca Raton","state":"FL","storeId":"store1660","zip":"33431"}
{"_id":{"$oid":"55aea9749f876cd5bcb781fe"},"address":"1725 N Dale Mabry Hwy","city":"Tampa","coords":[-82.504753,27.957933],"country":"US","name":"MongoMart So. Tampa","state":"FL","storeId":"store561","zip":"33607"}
{"_id":{"$oid":"55aea9749f876cd5bcb78209"},"address":"6300 Grandview Pkwy","city":"Davenport","coords":[-81.64426,28.24956],"country":"US","name":"MongoMart Davenport","state":"FL","storeId":"store1184","zip":"33837"}
{"_id":{"$oid":"55aea9749f876cd5bcb7821e"},"address":"3222 NW Federal Hwy","city":"Jensen Beach","coords":[-80.271631,27.243642],"country":"US","name":"MongoMart - Treasure Coast Square","state":"FL","storeId":"store2964","zip":"34957"}
{"_id":{"$oid":"55aea9749f876cd5bcb78221"},"address":"100 S Colonial Dr","city":"Alabaster","coords":[-86.804466,33.225689],"country":"US","name":"MongoMart Alabaster","state":"AL","storeId":"store1162","zip":"35007"}
{"_id":{"$oid":"55aea9749f876cd5bcb7822e"},"address":"2431 Cobbs Ford Rd","city":"Prattville","coords":[-86.39852,32.45631],"country":"US","name":"MongoMart Prattville","state":"AL","storeId":"store1785","zip":"36066"}
{"_id":{"$oid":"55aea9779f876cd5bcb7823d"},"address":"2311 Gallatin Pike N","city":"Madison","coords":[-86.68396,36.305931],"country":"US","name":"MongoMart Rivergate","state":"TN","storeId":"store172","zip":"37115"}
{"_id":{"$oid":"55aea9779f876cd5bcb78245"},"address":"2290 Gunbarrel Rd","address2":"Ste 114","city":"Chattanooga","coords":[-85.149651,35.038151],"country":"US","name":"MongoMart Chattanooga","state":"TN","storeId":"store488","zip":"37421"}
{"_id":{"$oid":"55aea9779f876cd5bcb78258"},"address":"133 S Frontage Rd","city":"Meridian","coords":[-88.6685,32.36271],"country":"US","name":"MongoMart Meridian","state":"MS","storeId":"store1439","zip":"39301"}
{"_id":{"$oid":"55aea9779f876cd5bcb7825b"},"address":"10545 Hwy 49","city":"Gulfport","coords":[-89.097679,30.44689],"country":"US","name":"MongoMart Gulfport","state":"MS","storeId":"store1174","zip":"39503"}
{"_id":{"$oid":"55aea9779f876cd5bcb7826d"},"address":"7771 Winchester Rd","city":"Memphis","coords":[-89.804939,35.047077],"country":"US","name":"MongoMart Winchester Rd","state":"TN","storeId":"store171","zip":"38125"}
{"_id":{"$oid":"55aea9779f876cd5bcb7826e"},"address":"2050 N Dixie Hwy","city":"Elizabethtown","coords":[-85.891365,37.739964],"country":"US","name":"MongoMart Elizabethtown","state":"KY","storeId":"store791","zip":"42701"}
{"_id":{"$oid":"55aea9779f876cd5bcb78277"},"address":"4600 International Gateway","city":"Columbus","coords":[-82.889208,39.99822],"country":"US","name":"MongoMart CMH - Port Columbus International Airport","state":"OH","storeId":"store8045","zip":"43219"}
{"_id":{"$oid":"55aea9779f876cd5bcb78289"},"address":"143 Airport Blvd","city":"Cleveland","coords":[-82.902944,40.211273],"country":"US","name":"MongoMart CLE - Cleveland Hopkins International Airport","state":"OH","storeId":"store8043","zip":"44181"}
{"_id":{"$oid":"55aea9779f876cd5bcb78296"},"address":"4210 Milan Rd","city":"Sandusky","coords":[-82.67083,41.416252],"country":"US","name":"MongoMart Sandusky","state":"OH","storeId":"store879","zip":"44870"}
{"_id":{"$oid":"55aea97b9f876cd5bcb782ab"},"address":"7800 Col. H. Weir Cook Memorial Dr.","city":"Indianapolis","coords":[-86.298064,39.714695],"country":"US","name":"MongoMart IND - Indianapolis International Airport","state":"IN","storeId":"store8067","zip":"46241"}
{"_id":{"$oid":"55aea97b9f876cd5bcb782b0"},"address":"10243 Indianapolis Blvd","city":"Highland","coords":[-87.46818,41.52766],"country":"US","name":"MongoMart Highland","state":"IN","storeId":"store1774","zip":"46322"}
{"_id":{"$oid":"55aea97b9f876cd5bcb782b1"},"address":"91 Silhavy Rd ","address2":"Ste 101","city":"Valparaiso","coords":[-87.025002,41.468235],"country":"US","name":"MongoMart Valparaiso","state":"IN","storeId":"store951","zip":"46383"}
{"_id":{"$oid":"55aea97b9f876cd5bcb782ca"},"address":"4611 24th Ave ","address2":"Ft Gratiot Center","city":"Ft Gratiot","coords":[-82.458565,43.042362],"country":"US","name":"MongoMart Port Huron","state":"MI","storeId":"store415","zip":"48059"}
{"_id":{"$oid":"55aea97b9f876cd5bcb782d0"},"address":"442 Briarwood Circle ","address2":"Ste. F125","city":"Ann Arbor","coords":[-83.746383,42.241132],"country":"US","name":"MongoMart - Briarwood Mall ","state":"MI","storeId":"store2903","zip":"48108"}
{"_id":{"$oid":"55aea97b9f876cd5bcb782d2"},"address":"16221 Ford Rd Fairlane Meadows","city":"Dearborn","coords":[-83.203293,42.328255],"country":"US","name":"MongoMart Dearborn","state":"MI","storeId":"store410","zip":"48126"}
{"_id":{"$oid":"55aea97b9f876cd5bcb782e8"},"address":"12765 Harper Village Dr ","address2":"Ste 160","city":"Battle Creek","coords":[-85.178268,42.264992],"country":"US","name":"MongoMart Battle Creek","state":"MI","storeId":"store840","zip":"49014"}
{"_id":{"$oid":"55aea97b9f876cd5bcb782ea"},"address":"1515 Orchard Xing","city":"Benton Harbor","coords":[-86.422928,42.076942],"country":"US","name":"MongoMart Benton Harbor","state":"MI","storeId":"store376","zip":"49022"}
{"_id":{"$oid":"55aea97b9f876cd5bcb782ec"},"address":"1014 Jackson Xing","city":"Jackson","coords":[-84.425766,42.26889],"country":"US","name":"MongoMart Jackson","state":"MI","storeId":"store476","zip":"49202"}
{"_id":{"$oid":"55aea97b9f876cd5bcb782ed"},"address":"4830 Wilson Ave SW","city":"Grandville","coords":[-85.761253,42.877113],"country":"US","name":"MongoMart Grand Rapids","state":"MI","storeId":"store464","zip":"49418"}
{"_id":{"$oid":"55aea97b9f876cd5bcb782f3"},"address":"2650 E Beltline Ave SE","city":"Grand Rapids","coords":[-85.581505,42.915329],"country":"US","name":"MongoMart Grand Rapids","state":"MI","storeId":"store406","zip":"49546"}
{"_id":{"$oid":"55aea97d9f876cd5bcb7830e"},"address":"8755 N. Port Washington Rd.","city":"Fox Point","coords":[-87.914368,43.175716],"country":"US","name":"MongoMart Fox Point","state":"WI","storeId":"store654","zip":"53217"}
{"_id":{"$oid":"55aea97d9f876cd5bcb7831a"},"address":"1200 Airport Drive","city":"S. Burlington","coords":[-73.154758,44.469108],"country":"US","name":"MongoMart BTV - Burlington International Airport","state":"VT","storeId":"store8159","zip":"5403"}
{"_id":{"$oid":"55aea97d9f876cd5bcb7831e"},"address":"1145 Commons Cir","city":"Plover","coords":[-89.515335,44.522335],"country":"US","name":"MongoMart Stevens Point","state":"WI","storeId":"store1052","zip":"54467"}
{"_id":{"$oid":"55aea97d9f876cd5bcb78325"},"address":"4240 W Wisconsin Ave","city":"Appleton","coords":[-88.475082,44.274948],"country":"US","name":"MongoMart Appleton West","state":"WI","storeId":"store27","zip":"54913"}
{"_id":{"$oid":"55aea97d9f876cd5bcb78326"},"address":"2411 S Kensington Dr","city":"Appleton","coords":[-88.359596,44.241451],"country":"US","name":"MongoMart Appleton East","state":"WI","storeId":"store1047","zip":"54915"}
{"_id":{"$oid":"55aea97d9f876cd5bcb78327"},"address":"335 N Pioneer Rd","city":"Fond Du Lac","coords":[-88.480362,43.784664],"country":"US","name":"MongoMart Fond Du Lac","state":"WI","storeId":"store673","zip":"54935"}
{"_id":{"$oid":"55aea97d9f876cd5bcb78331"},"address":"700 N Edwards Blvd","city":"Lake Geneva","coords":[-88.41808,42.6007],"country":"US","name":"MongoMart Lake Geneva","state":"WI","storeId":"store1489","zip":"53147"}
